日期Date,指数代码 Index Code,指数名称 Index Name,指数英文名称Index Name(Eng),成份券代码Constituent Code,成份券英文名称Constituent Name(Eng),成份券名称Constituent Name,交易所英文名称Exchange(Eng)
20251231,000510,中证A500,CSI A500,000001,"Ping An Bank Co., Ltd.",平安银行,Shenzhen Stock Exchange
20251231,000510,中证A500,CSI A500,000002,China Vanke Co Ltd,万科A,Shenzhen Stock Exchange
20251231,000510,中证A500,CSI A500,000009,"China Baoan Group Co.,Ltd.",中国宝安,Shenzhen Stock Exchange
20251231,000510,中证A500,CSI A500,000032,Shenzhen SED Industry Co Ltd,深桑达A,Shenzhen Stock Exchange
20251231,000510,中证A500,CSI A500,000034,"Digital China Group Co., Ltd.",神州数码,Shenzhen Stock Exchange
20251231,000510,中证A500,CSI A500,000035,China Tianying Inc.,中国天楹,Shenzhen Stock Exchange
20251231,000510,中证A500,CSI A500,000039,China International Marine Containers (Group) Co Ltd,中集集团,Shenzhen Stock Exchange
20251231,000510,中证A500,CSI A500,000063,ZTE Corporation,中兴通讯,Shenzhen Stock Exchange
20251231,000510,中证A500,CSI A500,000066,"CHINA GREATWALL TECHNOLOGY GROUP CO., LTD.",中国长城,Shenzhen Stock Exchange
20251231,000510,中证A500,CSI A500,000069,Shenzhen Overseas Chinese Town Co Ltd,华侨城A,Shenzhen Stock Exchange
20251231,000510,中证A500,CSI A500,000100,TCL Technology Group Corporation,TCL科技,Shenzhen Stock Exchange
20251231,000510,中证A500,CSI A500,000157,Zoomlion Heavy Industry Science & Technology Co Ltd,中联重科,Shenzhen Stock Exchange
20251231,000510,中证A500,CSI A500,000301,"Jiangsu Eastern Shenghong Co.,Ltd.",东方盛虹,Shenzhen Stock Exchange
20251231,000510,中证A500,CSI A500,000333,"Midea Group CO., LTD",美的集团,Shenzhen Stock Exchange
20251231,000510,中证A500,CSI A500,000338,Wei Chai Power Co Ltd,潍柴动力,Shenzhen Stock Exchange
20251231,000510,中证A500,CSI A500,000400,XJ Electric Co Ltd,许继电气,Shenzhen Stock Exchange
20251231,000510,中证A500,CSI A500,000408,ZANGGE MINING COMPANY LIMITED,藏格矿业,Shenzhen Stock Exchange
20251231,000510,中证A500,CSI A500,000415,"Bohai Leasing Co.,Ltd.",渤海租赁,Shenzhen Stock Exchange
20251231,000510,中证A500,CSI A500,000423,Shandong Dong-Ee Jiao Co Ltd,东阿阿胶,Shenzhen Stock Exchange
20251231,000510,中证A500,CSI A500,000425,XCMG Construction Machinery Co Ltd,徐工机械,Shenzhen Stock Exchange
20251231,000510,中证A500,CSI A500,000426,"INNER MONGOLIA XINGYE SILVER & TIN MINING CO.,LTD",兴业银锡,Shenzhen Stock Exchange
20251231,000510,中证A500,CSI A500,000519,"NORTH INDUSTRIES GROUP RED ARROW CO.,LTD",中兵红箭,Shenzhen Stock Exchange
20251231,000510,中证A500,CSI A500,000538,"Yunnan Baiyao Group Co., Ltd.",云南白药,Shenzhen Stock Exchange
20251231,000510,中证A500,CSI A500,000547,"Addsino Co., Ltd",航天发展,Shenzhen Stock Exchange
20251231,000510,中证A500,CSI A500,000568,Luzhou Lao Jiao Co Ltd,泸州老窖,Shenzhen Stock Exchange
20251231,000510,中证A500,CSI A500,000617,CNPC Capital Company Limited,中油资本,Shenzhen Stock Exchange
20251231,000510,中证A500,CSI A500,000623,"Jilin Aodong Pharmaceutical Group Co., Ltd.",吉林敖东,Shenzhen Stock Exchange
20251231,000510,中证A500,CSI A500,000625,Chongqing Changan Automobile Co Ltd,长安汽车,Shenzhen Stock Exchange
20251231,000510,中证A500,CSI A500,000629,"Pangang Group Vanadium Titanium & Resources Co., Ltd.",钒钛股份,Shenzhen Stock Exchange
20251231,000510,中证A500,CSI A500,000630,Tongling Nonferrous Metals Group Co. Ltd,铜陵有色,Shenzhen Stock Exchange
20251231,000510,中证A500,CSI A500,000651,"Gree Electric Appliances,Inc. of Zhuhai",格力电器,Shenzhen Stock Exchange
20251231,000510,中证A500,CSI A500,000661,Chang Chun High and New Technology Industry (Group) Inc.,长春高新,Shenzhen Stock Exchange
20251231,000510,中证A500,CSI A500,000683,Inner Mongolia Berun Chemical Company Limited,博源化工,Shenzhen Stock Exchange
20251231,000510,中证A500,CSI A500,000708,"CITIC Pacific Special Steel Group Co., Ltd",中信特钢,Shenzhen Stock Exchange
20251231,000510,中证A500,CSI A500,000725,BOE Technology Group Co Ltd,京东方A,Shenzhen Stock Exchange
20251231,000510,中证A500,CSI A500,000733,China Zhenhua (Group) Science & Technology Co Ltd,振华科技,Shenzhen Stock Exchange
20251231,000510,中证A500,CSI A500,000738,"AECC AERO-ENGINE CONTROL CO.,LTD.",航发控制,Shenzhen Stock Exchange
20251231,000510,中证A500,CSI A500,000768,AVIC XI'AN AIRCRAFT INDUSTRY GROUP COMPANY LTD.,中航西飞,Shenzhen Stock Exchange
20251231,000510,中证A500,CSI A500,000786,Beijing New Building Materials Public Ltd Co,北新建材,Shenzhen Stock Exchange
20251231,000510,中证A500,CSI A500,000792,Qinghai Salt Lake Industry Co Ltd,盐湖股份,Shenzhen Stock Exchange
20251231,000510,中证A500,CSI A500,000807,Yunnan Aluminium Co Ltd,云铝股份,Shenzhen Stock Exchange
20251231,000510,中证A500,CSI A500,000818,"HANGJIN TECHNOLOGY CO.,LTD.",航锦科技,Shenzhen Stock Exchange
20251231,000510,中证A500,CSI A500,000830,"Luxi Chemical Group Co.,Ltd.",鲁西化工,Shenzhen Stock Exchange
20251231,000510,中证A500,CSI A500,000831,"CHINA RARE EARTH RESOURCES AND TECHNOLOGY CO., LTD.",中国稀土,Shenzhen Stock Exchange
20251231,000510,中证A500,CSI A500,000858,Wuliangye Yibin Co Ltd,五 粮 液,Shenzhen Stock Exchange
20251231,000510,中证A500,CSI A500,000878,Yunnan Copper Co Ltd,云南铜业,Shenzhen Stock Exchange
20251231,000510,中证A500,CSI A500,000887,"Anhui Zhongding Sealing Parts Co.,Ltd.",中鼎股份,Shenzhen Stock Exchange
20251231,000510,中证A500,CSI A500,000932,Hunan Valin Steel Co Ltd,华菱钢铁,Shenzhen Stock Exchange
20251231,000510,中证A500,CSI A500,000933,Henan Shen Huo Coal Industry and Electricity Power Co Ltd,神火股份,Shenzhen Stock Exchange
20251231,000510,中证A500,CSI A500,000938,"Unisplendour Co., Ltd.",紫光股份,Shenzhen Stock Exchange
20251231,000510,中证A500,CSI A500,000960,Yunnan Tin Co Ltd,锡业股份,Shenzhen Stock Exchange
20251231,000510,中证A500,CSI A500,000963,Huadong Medicine Co Ltd,华东医药,Shenzhen Stock Exchange
20251231,000510,中证A500,CSI A500,000967,Infore Environment Technology Group Co. Ltd.,盈峰环境,Shenzhen Stock Exchange
20251231,000510,中证A500,CSI A500,000975,"Shanjin International Gold Co.,Ltd.",山金国际,Shenzhen Stock Exchange
20251231,000510,中证A500,CSI A500,000977,"Inspur Electronic Information Industry Co.,Ltd",浪潮信息,Shenzhen Stock Exchange
20251231,000510,中证A500,CSI A500,000988,Huagong Tech Co Ltd,华工科技,Shenzhen Stock Exchange
20251231,000510,中证A500,CSI A500,000998,Yuan Longping High-tech Agriculture Co Ltd,隆平高科,Shenzhen Stock Exchange
20251231,000510,中证A500,CSI A500,000999,China Resources Sanjiu Medical & Pharmaceutical Co Ltd,华润三九,Shenzhen Stock Exchange
20251231,000510,中证A500,CSI A500,001914,"China Merchants Property Operation & Service Co., Ltd.",招商积余,Shenzhen Stock Exchange
20251231,000510,中证A500,CSI A500,001965,"China Merchants Expressway Network Technology Holdings Co., Ltd.",招商公路,Shenzhen Stock Exchange
20251231,000510,中证A500,CSI A500,001979,"CHINA MERCHANTS SHEKOU INDUSTRIAL ZONE HOLDINGS CO.,LTD",招商蛇口,Shenzhen Stock Exchange
20251231,000510,中证A500,CSI A500,002001,Zhejiang NHU Co Ltd,新和成,Shenzhen Stock Exchange
20251231,000510,中证A500,CSI A500,002007,Hualan Biological Engineering INC,华兰生物,Shenzhen Stock Exchange
20251231,000510,中证A500,CSI A500,002008,"Han's Laser Technology Industry Group Co., Ltd.",大族激光,Shenzhen Stock Exchange
20251231,000510,中证A500,CSI A500,002025,Guizhou Space Appliance Co Ltd,航天电器,Shenzhen Stock Exchange
20251231,000510,中证A500,CSI A500,002027,"Focus Media Information Technology Co., Ltd.",分众传媒,Shenzhen Stock Exchange
20251231,000510,中证A500,CSI A500,002028,"Siyuan Electric Co., Ltd.",思源电气,Shenzhen Stock Exchange
20251231,000510,中证A500,CSI A500,002044,"Meinian Onehealth Healthcare Holdings Co., Ltd.",美年健康,Shenzhen Stock Exchange
20251231,000510,中证A500,CSI A500,002049,"Unigroup Guoxin Microelectronics Co., Ltd.",紫光国微,Shenzhen Stock Exchange
20251231,000510,中证A500,CSI A500,002050,"ZHEJIANG SANHUA INTELLIGENT CONTROLS CO.,LTD.",三花智控,Shenzhen Stock Exchange
20251231,000510,中证A500,CSI A500,002064,"Huafon Chemical Co., Ltd.",华峰化学,Shenzhen Stock Exchange
20251231,000510,中证A500,CSI A500,002065,"DHC Software Co.,Ltd.",东华软件,Shenzhen Stock Exchange
20251231,000510,中证A500,CSI A500,002074,"GUOXUAN HIGH-TECH CO.,LTD.",国轩高科,Shenzhen Stock Exchange
20251231,000510,中证A500,CSI A500,002078,Shan Dong Sun Paper Industry Joint Stock Co Ltd,太阳纸业,Shenzhen Stock Exchange
20251231,000510,中证A500,CSI A500,002085,"Zhejiang Wanfeng Auto Wheel Co.,Ltd.",万丰奥威,Shenzhen Stock Exchange
20251231,000510,中证A500,CSI A500,002091,"Jiangsu Guotai International Group Co., Ltd.",江苏国泰,Shenzhen Stock Exchange
20251231,000510,中证A500,CSI A500,002120,"YUNDA Holding Group CO., Ltd.",韵达股份,Shenzhen Stock Exchange
20251231,000510,中证A500,CSI A500,002128,INNER MONGOLIA DIAN TOU ENERGY CORPORATION LIMITED,电投能源,Shenzhen Stock Exchange
20251231,000510,中证A500,CSI A500,002129,"TCL Zhonghuan Renewable Energy Technology Co., Ltd.",TCL中环,Shenzhen Stock Exchange
20251231,000510,中证A500,CSI A500,002130,Shenzhen Woer Heat-Shrinkable Material Co Ltd,沃尔核材,Shenzhen Stock Exchange
20251231,000510,中证A500,CSI A500,002131,"LEO GROUP CO., LTD.",利欧股份,Shenzhen Stock Exchange
20251231,000510,中证A500,CSI A500,002138,Shenzhen Sunlord Electronics Co Ltd,顺络电子,Shenzhen Stock Exchange
20251231,000510,中证A500,CSI A500,002145,"Tinergy Chemical Co., Ltd.",钛能化学,Shenzhen Stock Exchange
20251231,000510,中证A500,CSI A500,002152,GRG Banking Equipment Co Ltd,广电运通,Shenzhen Stock Exchange
20251231,000510,中证A500,CSI A500,002155,Hunan Gold Corporation Limited,湖南黄金,Shenzhen Stock Exchange
20251231,000510,中证A500,CSI A500,002156,"TongFu Microelectronics Co.,Ltd.",通富微电,Shenzhen Stock Exchange
20251231,000510,中证A500,CSI A500,002176,Jiangxi Special Electric Motor Co Ltd,江特电机,Shenzhen Stock Exchange
20251231,000510,中证A500,CSI A500,002179,"Jonhon Optronic Technology Co.,Ltd",中航光电,Shenzhen Stock Exchange
20251231,000510,中证A500,CSI A500,002180,Ninestar Corporation,纳思达,Shenzhen Stock Exchange
20251231,000510,中证A500,CSI A500,002185,Tianshui Huatian Technology Co Ltd,华天科技,Shenzhen Stock Exchange
20251231,000510,中证A500,CSI A500,002195,"Shanghai Stonehill Technology Co., Ltd.",岩山科技,Shenzhen Stock Exchange
20251231,000510,中证A500,CSI A500,002202,"GOLDWIND SCIENCE & TECHNOLOGY CO.,LTD.",金风科技,Shenzhen Stock Exchange
20251231,000510,中证A500,CSI A500,002223,Jiangsu Yuyue Medical Equipment & Supply Co Ltd,鱼跃医疗,Shenzhen Stock Exchange
20251231,000510,中证A500,CSI A500,002230,"Iflytek Co.,Ltd.",科大讯飞,Shenzhen Stock Exchange
20251231,000510,中证A500,CSI A500,002236,Zhejiang Dahua Technology Co Ltd,大华股份,Shenzhen Stock Exchange
20251231,000510,中证A500,CSI A500,002241,GoerTek Inc,歌尔股份,Shenzhen Stock Exchange
20251231,000510,中证A500,CSI A500,002244,Hangzhou Binjiang Real Estate Group Co Ltd,滨江集团,Shenzhen Stock Exchange
20251231,000510,中证A500,CSI A500,002245,Jiangsu Azure Corporation,蔚蓝锂芯,Shenzhen Stock Exchange
20251231,000510,中证A500,CSI A500,002252,Shanghai RAAS Blood Products Co Ltd,上海莱士,Shenzhen Stock Exchange
20251231,000510,中证A500,CSI A500,002266,"ZHEFU HOLDING GROUP CO., LTD",浙富控股,Shenzhen Stock Exchange
20251231,000510,中证A500,CSI A500,002271,Beijing Oriental Yuhong Waterproof Technology Co Ltd,东方雨虹,Shenzhen Stock Exchange
20251231,000510,中证A500,CSI A500,002273,"Zhejiang Crystal-Optech Co., Ltd",水晶光电,Shenzhen Stock Exchange
20251231,000510,中证A500,CSI A500,002281,Accelink Technologies Co Ltd,光迅科技,Shenzhen Stock Exchange
20251231,000510,中证A500,CSI A500,002292,Alpha Group,奥飞娱乐,Shenzhen Stock Exchange
20251231,000510,中证A500,CSI A500,002294,Shenzhen Salubris Pharmaceuticals Co Ltd,信立泰,Shenzhen Stock Exchange
20251231,000510,中证A500,CSI A500,002312,"Sichuan Development Lomon Co.,Ltd.",川发龙蟒,Shenzhen Stock Exchange
20251231,000510,中证A500,CSI A500,002318,Zhejiang Jiuli Hi-tech Metals Co Ltd,久立特材,Shenzhen Stock Exchange
20251231,000510,中证A500,CSI A500,002340,Shenzhen Green Eco-manufacture Hi-tech Co Ltd,格林美,Shenzhen Stock Exchange
20251231,000510,中证A500,CSI A500,002352,"S.F. Holding Co., Ltd.",顺丰控股,Shenzhen Stock Exchange
20251231,000510,中证A500,CSI A500,002353,Yantai Jereh Oilfield Services Group Co Ltd,杰瑞股份,Shenzhen Stock Exchange
20251231,000510,中证A500,CSI A500,002371,"NAURA Technology Group Co.,Ltd.",北方华创,Shenzhen Stock Exchange
20251231,000510,中证A500,CSI A500,002384,Suzhou Dongshan Precision Manufacturing Co Ltd,东山精密,Shenzhen Stock Exchange
20251231,000510,中证A500,CSI A500,002389,"Aerospace CH UAV Co., Ltd",航天彩虹,Shenzhen Stock Exchange
20251231,000510,中证A500,CSI A500,002405,NavInfo Co Ltd,四维图新,Shenzhen Stock Exchange
20251231,000510,中证A500,CSI A500,002407,Do-Fluoride Chemicals Co Ltd,多氟多,Shenzhen Stock Exchange
20251231,000510,中证A500,CSI A500,002409,Jiangsu Yoke Technology Co Ltd,雅克科技,Shenzhen Stock Exchange
20251231,000510,中证A500,CSI A500,002410,Glodon Software Co Ltd,广联达,Shenzhen Stock Exchange
20251231,000510,中证A500,CSI A500,002414,Wuhan Guide Infrared Co Ltd,高德红外,Shenzhen Stock Exchange
20251231,000510,中证A500,CSI A500,002415,Hangzhou Hikvision Digital Technology Co Ltd,海康威视,Shenzhen Stock Exchange
20251231,000510,中证A500,CSI A500,002422,Sichuan Kelun Pharmaceutical Co Ltd,科伦药业,Shenzhen Stock Exchange
20251231,000510,中证A500,CSI A500,002432,Andon Health Co Ltd,九安医疗,Shenzhen Stock Exchange
20251231,000510,中证A500,CSI A500,002436,Shenzhen Fastprint Circuit Tech Co Ltd,兴森科技,Shenzhen Stock Exchange
20251231,000510,中证A500,CSI A500,002444,Hangzhou Great Star Industrial Co Ltd,巨星科技,Shenzhen Stock Exchange
20251231,000510,中证A500,CSI A500,002456,"OFILM Group Co., Ltd.",欧菲光,Shenzhen Stock Exchange
20251231,000510,中证A500,CSI A500,002459,"JA Solar Technology Co., Ltd.",晶澳科技,Shenzhen Stock Exchange
20251231,000510,中证A500,CSI A500,002460,Ganfeng Lithium Co Ltd,赣锋锂业,Shenzhen Stock Exchange
20251231,000510,中证A500,CSI A500,002463,Wus Printed Circuit (Kunshan) Co Ltd,沪电股份,Shenzhen Stock Exchange
20251231,000510,中证A500,CSI A500,002465,Guangzhou Haige Communications Group Incorporated Company,海格通信,Shenzhen Stock Exchange
20251231,000510,中证A500,CSI A500,002466,"Tianqi Lithium Industries, Inc.",天齐锂业,Shenzhen Stock Exchange
20251231,000510,中证A500,CSI A500,002472,Zhejiang Shuanghuan Driveline Co Ltd,双环传动,Shenzhen Stock Exchange
20251231,000510,中证A500,CSI A500,002475,"Luxshare Precision Industry Co., Ltd.",立讯精密,Shenzhen Stock Exchange
20251231,000510,中证A500,CSI A500,002493,Rongsheng Petro Chemical Co Ltd,荣盛石化,Shenzhen Stock Exchange
20251231,000510,中证A500,CSI A500,002497,Sichuan Yahua Industrial Group Co Ltd,雅化集团,Shenzhen Stock Exchange
20251231,000510,中证A500,CSI A500,002517,Taiya Shoes Co Ltd,恺英网络,Shenzhen Stock Exchange
20251231,000510,中证A500,CSI A500,002532,"TIANSHAN ALUMINUM GROUP CO.,LTD.",天山铝业,Shenzhen Stock Exchange
20251231,000510,中证A500,CSI A500,002544,"CETC POTEVIO SCIENCE&TECHNOLOGY CO.,LTD.",普天科技,Shenzhen Stock Exchange
20251231,000510,中证A500,CSI A500,002555,"WUHU SANQI INTERACTIVE ENTERTAINMENT NETWORK TECHNOLOGY GROUP CO.,LTD.",三七互娱,Shenzhen Stock Exchange
20251231,000510,中证A500,CSI A500,002558,"Giant Network Group Co., Ltd.",巨人网络,Shenzhen Stock Exchange
20251231,000510,中证A500,CSI A500,002572,Suofeiya Home Collection Co Ltd,索菲亚,Shenzhen Stock Exchange
20251231,000510,中证A500,CSI A500,002594,BYD Co Ltd,比亚迪,Shenzhen Stock Exchange
20251231,000510,中证A500,CSI A500,002595,Shandong Himile Mechanical Science & Technology Co Ltd,豪迈科技,Shenzhen Stock Exchange
20251231,000510,中证A500,CSI A500,002601,"LB Group Co., Ltd.",龙佰集团,Shenzhen Stock Exchange
20251231,000510,中证A500,CSI A500,002603,Shijiazhuang Yiling Pharmaceutical Co Ltd,以岭药业,Shenzhen Stock Exchange
20251231,000510,中证A500,CSI A500,002607,"Offcn Education Technology Co., Ltd.",中公教育,Shenzhen Stock Exchange
20251231,000510,中证A500,CSI A500,002624,"Perfect World Co., Ltd.",完美世界,Shenzhen Stock Exchange
20251231,000510,中证A500,CSI A500,002625,"Kuang-Chi Technologies Co., Ltd.",光启技术,Shenzhen Stock Exchange
20251231,000510,中证A500,CSI A500,002648,"SATELLITE CHEMICAL CO., LTD.",卫星化学,Shenzhen Stock Exchange
20251231,000510,中证A500,CSI A500,002701,"ORG Packaging Co.,Ltd.",奥瑞金,Shenzhen Stock Exchange
20251231,000510,中证A500,CSI A500,002709,"Guangzhou Tinci Materials Technology Co., Ltd",天赐材料,Shenzhen Stock Exchange
20251231,000510,中证A500,CSI A500,002714,"Muyuan Foodstuff Co., Ltd",牧原股份,Shenzhen Stock Exchange
20251231,000510,中证A500,CSI A500,002738,"Sinomine Resource Group Co., Ltd.",中矿资源,Shenzhen Stock Exchange
20251231,000510,中证A500,CSI A500,002739,"WANDA FILM HOLDING CO., LTD",万达电影,Shenzhen Stock Exchange
20251231,000510,中证A500,CSI A500,002756,"Yongxing Special Materials Technology Co.,Ltd.",永兴材料,Shenzhen Stock Exchange
20251231,000510,中证A500,CSI A500,002812,"Yunnan Energy New Material Co., Ltd.",恩捷股份,Shenzhen Stock Exchange
20251231,000510,中证A500,CSI A500,002821,"Asymchem Laboratories (Tianjin) Co., Ltd.",凯莱英,Shenzhen Stock Exchange
20251231,000510,中证A500,CSI A500,002837,"SHENZHEN ENVICOOL TECHNOLOGY CO.,LTD.",英维克,Shenzhen Stock Exchange
20251231,000510,中证A500,CSI A500,002841,Guangzhou Shiyuan Electronic Technology Company Limited,视源股份,Shenzhen Stock Exchange
20251231,000510,中证A500,CSI A500,002851,"Shenzhen Megmeet Electrical Co., Ltd.",麦格米特,Shenzhen Stock Exchange
20251231,000510,中证A500,CSI A500,002891,"YANTAI CHINA PET FOODS CO., LTD.",中宠股份,Shenzhen Stock Exchange
20251231,000510,中证A500,CSI A500,002916,"Shennan Circuits Co., Ltd.",深南电路,Shenzhen Stock Exchange
20251231,000510,中证A500,CSI A500,002920,"Huizhou Desay SV Automotive Co., Ltd.",德赛西威,Shenzhen Stock Exchange
20251231,000510,中证A500,CSI A500,002938,"Avary Holding (Shenzhen) Co., Limited",鹏鼎控股,Shenzhen Stock Exchange
20251231,000510,中证A500,CSI A500,003816,"CGN Power Co., Ltd.",中国广核,Shenzhen Stock Exchange
20251231,000510,中证A500,CSI A500,300001,Qingdao TGOOD Electric Co Ltd,特锐德,Shenzhen Stock Exchange
20251231,000510,中证A500,CSI A500,300002,Beijing Ultrapower Software Co Ltd,神州泰岳,Shenzhen Stock Exchange
20251231,000510,中证A500,CSI A500,300003,Lepu Medical Technology (Beijing) Co Ltd,乐普医疗,Shenzhen Stock Exchange
20251231,000510,中证A500,CSI A500,300012,"CENTRE TESTING INTERNATIONAL GROUP CO., LTD.",华测检测,Shenzhen Stock Exchange
20251231,000510,中证A500,CSI A500,300014,Eve Energy Co Ltd,亿纬锂能,Shenzhen Stock Exchange
20251231,000510,中证A500,CSI A500,300015,Aier Eye Hospital Group Co Ltd,爱尔眼科,Shenzhen Stock Exchange
20251231,000510,中证A500,CSI A500,300017,"Wangsu Science and Technology Co.,Ltd.",网宿科技,Shenzhen Stock Exchange
20251231,000510,中证A500,CSI A500,300024,Siasun Robot & Automation Co Ltd,机器人,Shenzhen Stock Exchange
20251231,000510,中证A500,CSI A500,300033,"Hithink Royalflush Information Network Co.,Ltd.",同花顺,Shenzhen Stock Exchange
20251231,000510,中证A500,CSI A500,300037,Shenzhen Capchem Technology Co Ltd,新宙邦,Shenzhen Stock Exchange
20251231,000510,中证A500,CSI A500,300054,"Hubei Dinglong CO.,Ltd.",鼎龙股份,Shenzhen Stock Exchange
20251231,000510,中证A500,CSI A500,300058,"Bluefocus Data Technology Co., Ltd.",蓝色光标,Shenzhen Stock Exchange
20251231,000510,中证A500,CSI A500,300059,East Money Information Co Ltd,东方财富,Shenzhen Stock Exchange
20251231,000510,中证A500,CSI A500,300068,Zhejiang Narada Power Source Co Ltd,南都电源,Shenzhen Stock Exchange
20251231,000510,中证A500,CSI A500,300070,Beijing Originwater Technology Co Ltd,碧水源,Shenzhen Stock Exchange
20251231,000510,中证A500,CSI A500,300073,Beijing Easpring Material Technology Co Ltd,当升科技,Shenzhen Stock Exchange
20251231,000510,中证A500,CSI A500,300083,Guangdong Create Century Intelligent Equipment Group Corporation Limited,创世纪,Shenzhen Stock Exchange
20251231,000510,中证A500,CSI A500,300088,Wuhu Token Science Co Ltd,长信科技,Shenzhen Stock Exchange
20251231,000510,中证A500,CSI A500,300118,Risen Energy Co Ltd,东方日升,Shenzhen Stock Exchange
20251231,000510,中证A500,CSI A500,300122,Chongqing Zhifei Biological Products Co Ltd,智飞生物,Shenzhen Stock Exchange
20251231,000510,中证A500,CSI A500,300124,Shenzhen Inovance Technology Co Ltd,汇川技术,Shenzhen Stock Exchange
20251231,000510,中证A500,CSI A500,300136,Shenzhen Sunway Communication Co Ltd,信维通信,Shenzhen Stock Exchange
20251231,000510,中证A500,CSI A500,300142,Walvax Biotechnology Co Ltd,沃森生物,Shenzhen Stock Exchange
20251231,000510,中证A500,CSI A500,300144,"SONGCHENG PERFORMANCE DEVELOPMENT CO., LTD.",宋城演艺,Shenzhen Stock Exchange
20251231,000510,中证A500,CSI A500,300207,Sunwoda Electronic Co Ltd,欣旺达,Shenzhen Stock Exchange
20251231,000510,中证A500,CSI A500,300223,Ingenic Semiconductor Co Ltd,北京君正,Shenzhen Stock Exchange
20251231,000510,中证A500,CSI A500,300251,Beijing Enlight Media Co Ltd,光线传媒,Shenzhen Stock Exchange
20251231,000510,中证A500,CSI A500,300253,"Winning Health Technology Group Co., Ltd.",卫宁健康,Shenzhen Stock Exchange
20251231,000510,中证A500,CSI A500,300274,Sungrow Power Supply Co Ltd,阳光电源,Shenzhen Stock Exchange
20251231,000510,中证A500,CSI A500,300285,"Shandong Sinocera Functional Material Co., Ltd",国瓷材料,Shenzhen Stock Exchange
20251231,000510,中证A500,CSI A500,300308,"ZHONGJI INNOLIGHT CO., LTD.",中际旭创,Shenzhen Stock Exchange
20251231,000510,中证A500,CSI A500,300316,"Zhejiang Jingsheng Mechanical & Electrical Co., Ltd.",晶盛机电,Shenzhen Stock Exchange
20251231,000510,中证A500,CSI A500,300339,"Jiangsu Hoperun Software Co., Ltd.",润和软件,Shenzhen Stock Exchange
20251231,000510,中证A500,CSI A500,300346,"Jiangsu Nata Opto-electronic Material Co.,Ltd",南大光电,Shenzhen Stock Exchange
20251231,000510,中证A500,CSI A500,300347,"Hangzhou Tigermed Consulting Co., Ltd.",泰格医药,Shenzhen Stock Exchange
20251231,000510,中证A500,CSI A500,300383,"Beijing Sinnet Technology Co., Ltd.",光环新网,Shenzhen Stock Exchange
20251231,000510,中证A500,CSI A500,300390,"Canmax Technologies Co., Ltd.",天华新能,Shenzhen Stock Exchange
20251231,000510,中证A500,CSI A500,300394,"Suzhou TFC Optical Communication Co., Ltd.",天孚通信,Shenzhen Stock Exchange
20251231,000510,中证A500,CSI A500,300395,HUBEI FEILIHUA QUARTZ GLASS CO.LTD,菲利华,Shenzhen Stock Exchange
20251231,000510,中证A500,CSI A500,300408,"CHAOZHOU THREE-CIRCLE(GROUP)CO.,LTD",三环集团,Shenzhen Stock Exchange
20251231,000510,中证A500,CSI A500,300413,"Mango Excellent Media Co., Ltd.",芒果超媒,Shenzhen Stock Exchange
20251231,000510,中证A500,CSI A500,300418,"Beijing Kunlun Tech Co., Ltd.",昆仑万维,Shenzhen Stock Exchange
20251231,000510,中证A500,CSI A500,300433,"Lens Technology Co., Ltd.",蓝思科技,Shenzhen Stock Exchange
20251231,000510,中证A500,CSI A500,300438,"Guangzhou Great Power Energy&Technology Co.,ltd.",鹏辉能源,Shenzhen Stock Exchange
20251231,000510,中证A500,CSI A500,300442,Range Intelligent Computing Technology Group Company Limited,润泽科技,Shenzhen Stock Exchange
20251231,000510,中证A500,CSI A500,300450,"WUXI LEAD INTELLIGENT EQUIPMENT CO., LTD.",先导智能,Shenzhen Stock Exchange
20251231,000510,中证A500,CSI A500,300454,Sangfor Technologies Inc.,深信服,Shenzhen Stock Exchange
20251231,000510,中证A500,CSI A500,300457,"SHENZHEN YINGHE TECHNOLOGY CO.,LTD",赢合科技,Shenzhen Stock Exchange
20251231,000510,中证A500,CSI A500,300459,"Zhejiang Jinke Tom Culture Industry Co., LTD.",汤姆猫,Shenzhen Stock Exchange
20251231,000510,中证A500,CSI A500,300474,"Changsha Jingjia Microelectronics Co., Ltd.",景嘉微,Shenzhen Stock Exchange
20251231,000510,中证A500,CSI A500,300476,"Victory Giant Technology (HuiZhou)Co.,Ltd.",胜宏科技,Shenzhen Stock Exchange
20251231,000510,中证A500,CSI A500,300496,"Thunder Software Technology Co., Ltd.",中科创达,Shenzhen Stock Exchange
20251231,000510,中证A500,CSI A500,300502,"Eoptolink Technology Inc., Ltd",新易盛,Shenzhen Stock Exchange
20251231,000510,中证A500,CSI A500,300529,"Jafron Biomedical Co.,Ltd.",健帆生物,Shenzhen Stock Exchange
20251231,000510,中证A500,CSI A500,300558,"Betta Pharmaceuticals Co.,Ltd",贝达药业,Shenzhen Stock Exchange
20251231,000510,中证A500,CSI A500,300567,"Wuhan Jingce Electronic Technology Co., Ltd.",精测电子,Shenzhen Stock Exchange
20251231,000510,中证A500,CSI A500,300568,"Shenzhen Senior Technology Material Co., Ltd.",星源材质,Shenzhen Stock Exchange
20251231,000510,中证A500,CSI A500,300573,"SHENYANG XINGQI PHARMACEUTICAL CO., LTD.",兴齐眼药,Shenzhen Stock Exchange
20251231,000510,中证A500,CSI A500,300601,"Shenzhen Kangtai Biological Products Co., Ltd.",康泰生物,Shenzhen Stock Exchange
20251231,000510,中证A500,CSI A500,300604,"Hangzhou Chang Chuan Technology Co.,Ltd.",长川科技,Shenzhen Stock Exchange
20251231,000510,中证A500,CSI A500,300627,SHANGHAI HUACE NAVIGATION TECHNOLOGY LTD,华测导航,Shenzhen Stock Exchange
20251231,000510,中证A500,CSI A500,300628,YEALINK NETWORK TECHNOLOGY CORPORATION LIMITED,亿联网络,Shenzhen Stock Exchange
20251231,000510,中证A500,CSI A500,300661,SG Micro Corp.,圣邦股份,Shenzhen Stock Exchange
20251231,000510,中证A500,CSI A500,300676,"BGI Genomics Co., Ltd",华大基因,Shenzhen Stock Exchange
20251231,000510,中证A500,CSI A500,300699,"Weihai Guangwei Composites Co.,Ltd.",光威复材,Shenzhen Stock Exchange
20251231,000510,中证A500,CSI A500,300724,Shenzhen S.C New Energy Technology Corporation,捷佳伟创,Shenzhen Stock Exchange
20251231,000510,中证A500,CSI A500,300748,"JL MAG RARE-EARTH CO., LTD.",金力永磁,Shenzhen Stock Exchange
20251231,000510,中证A500,CSI A500,300750,"Contemporary Amperex Technology Co., Limited.",宁德时代,Shenzhen Stock Exchange
20251231,000510,中证A500,CSI A500,300751,"Suzhou Maxwell Technologies Co., Ltd.",迈为股份,Shenzhen Stock Exchange
20251231,000510,中证A500,CSI A500,300757,"RoboTechnik Intelligent Technology Co., LTD",罗博特科,Shenzhen Stock Exchange
20251231,000510,中证A500,CSI A500,300759,"Pharmaron Beijing Co., Ltd.",康龙化成,Shenzhen Stock Exchange
20251231,000510,中证A500,CSI A500,300760,"Shenzhen Mindray Bio-Medical Electronics Co., Ltd.",迈瑞医疗,Shenzhen Stock Exchange
20251231,000510,中证A500,CSI A500,300763,"Ginlong Technologies Co., Ltd.",锦浪科技,Shenzhen Stock Exchange
20251231,000510,中证A500,CSI A500,300782,Maxscend Microelectronics Company Limited,卓胜微,Shenzhen Stock Exchange
20251231,000510,中证A500,CSI A500,300803,"Beijing Compass Technology Development Co., Ltd.",指南针,Shenzhen Stock Exchange
20251231,000510,中证A500,CSI A500,300832,"Shenzhen New Industries Biomedical Engineering Co., Ltd.",新产业,Shenzhen Stock Exchange
20251231,000510,中证A500,CSI A500,300866,"Anker Innovations Technology Co., Ltd",安克创新,Shenzhen Stock Exchange
20251231,000510,中证A500,CSI A500,300896,"IMEIK TECHNOLOGY DEVELOPMENT CO.,LTD.",爱美客,Shenzhen Stock Exchange
20251231,000510,中证A500,CSI A500,300919,"CNGR Advanced Material Co.,Ltd.",中伟股份,Shenzhen Stock Exchange
20251231,000510,中证A500,CSI A500,300972,"Fujian Wanchen Biotechnology Group Co., Ltd.",万辰集团,Shenzhen Stock Exchange
20251231,000510,中证A500,CSI A500,301236,"iSoftStone Information Technology (Group) Co., Ltd.",软通动力,Shenzhen Stock Exchange
20251231,000510,中证A500,CSI A500,301358,"Hunan Yuneng New Energy Battery Material Co.,Ltd.",湖南裕能,Shenzhen Stock Exchange
20251231,000510,中证A500,CSI A500,302132,AVIC CHENGDU AIRCRAFT COMPANY LIMITED,中航成飞,Shenzhen Stock Exchange
20251231,000510,中证A500,CSI A500,600000,Shanghai Pudong Development Bank Co Ltd,浦发银行,Shanghai Stock Exchange
20251231,000510,中证A500,CSI A500,600004,Guangzhou Baiyun International Airport Co Ltd,白云机场,Shanghai Stock Exchange
20251231,000510,中证A500,CSI A500,600007,China World Trade Center Co Ltd,中国国贸,Shanghai Stock Exchange
20251231,000510,中证A500,CSI A500,600008,"Beijing Capital Eco-Environment Protection GroupCo.,Ltd.",首创环保,Shanghai Stock Exchange
20251231,000510,中证A500,CSI A500,600009,Shanghai International Airport Co Ltd,上海机场,Shanghai Stock Exchange
20251231,000510,中证A500,CSI A500,600010,Inner Mongolia Baotou Steel Union Co Ltd,包钢股份,Shanghai Stock Exchange
20251231,000510,中证A500,CSI A500,600011,Huaneng Power International Inc,华能国际,Shanghai Stock Exchange
20251231,000510,中证A500,CSI A500,600018,Shanghai International Port (Group) Co Ltd,上港集团,Shanghai Stock Exchange
20251231,000510,中证A500,CSI A500,600019,Baoshan Iron &Steel Co Ltd,宝钢股份,Shanghai Stock Exchange
20251231,000510,中证A500,CSI A500,600026,"COSCO SHIPPING Energy Transportation Co., Ltd.",中远海能,Shanghai Stock Exchange
20251231,000510,中证A500,CSI A500,600028,China Petroleum & Chemical Corporation,中国石化,Shanghai Stock Exchange
20251231,000510,中证A500,CSI A500,600029,China Southern Airlines Co Ltd,南方航空,Shanghai Stock Exchange
20251231,000510,中证A500,CSI A500,600030,CITIC Securities Co Ltd,中信证券,Shanghai Stock Exchange
20251231,000510,中证A500,CSI A500,600031,Sany Heavy Industry Co Ltd,三一重工,Shanghai Stock Exchange
20251231,000510,中证A500,CSI A500,600036,China Merchants Bank Co Ltd,招商银行,Shanghai Stock Exchange
20251231,000510,中证A500,CSI A500,600038,"AVIC Helicopter Co.,Ltd.",中直股份,Shanghai Stock Exchange
20251231,000510,中证A500,CSI A500,600039,Sichuan Road&Bridge Co Ltd,四川路桥,Shanghai Stock Exchange
20251231,000510,中证A500,CSI A500,600048,"Poly Developments and Holdings Group Co., Ltd.",保利发展,Shanghai Stock Exchange
20251231,000510,中证A500,CSI A500,600050,China United Network Communications Co Ltd,中国联通,Shanghai Stock Exchange
20251231,000510,中证A500,CSI A500,600066,Zhengzhou Yutong Bus Co Ltd,宇通客车,Shanghai Stock Exchange
20251231,000510,中证A500,CSI A500,600079,"Humanwell Healthcare (Group) Co., Ltd.",ST人福,Shanghai Stock Exchange
20251231,000510,中证A500,CSI A500,600085,Beijing Tongrentang Co Ltd,同仁堂,Shanghai Stock Exchange
20251231,000510,中证A500,CSI A500,600089,TBEA Co Ltd,特变电工,Shanghai Stock Exchange
20251231,000510,中证A500,CSI A500,600096,Yunnan Yuntianhua Co Ltd,云天化,Shanghai Stock Exchange
20251231,000510,中证A500,CSI A500,600104,SAIC Motor Co Ltd,上汽集团,Shanghai Stock Exchange
20251231,000510,中证A500,CSI A500,600111,"China Northern Rare Earth (Group) High-Tech Co.,Ltd",北方稀土,Shanghai Stock Exchange
20251231,000510,中证A500,CSI A500,600115,"China Eastern Airlines Co., Ltd.",中国东航,Shanghai Stock Exchange
20251231,000510,中证A500,CSI A500,600118,China Spacesat Co Ltd,中国卫星,Shanghai Stock Exchange
20251231,000510,中证A500,CSI A500,600141,Hubei Xingfa Chemicals Group Co Ltd,兴发集团,Shanghai Stock Exchange
20251231,000510,中证A500,CSI A500,600143,Kingfa Sci&Tech Co Ltd,金发科技,Shanghai Stock Exchange
20251231,000510,中证A500,CSI A500,600150,China CSSC Holdings Limited,中国船舶,Shanghai Stock Exchange
20251231,000510,中证A500,CSI A500,600153,Xiamen C&D Inc,建发股份,Shanghai Stock Exchange
20251231,000510,中证A500,CSI A500,600157,"WINTIME ENERGY GROUP CO.,LTD.",永泰能源,Shanghai Stock Exchange
20251231,000510,中证A500,CSI A500,600160,Zhejiang Ju Hua Co Ltd,巨化股份,Shanghai Stock Exchange
20251231,000510,中证A500,CSI A500,600161,Beijing Tiantan Biological Products Co Ltd,天坛生物,Shanghai Stock Exchange
20251231,000510,中证A500,CSI A500,600166,Beiqi Foton Motor Co Ltd,福田汽车,Shanghai Stock Exchange
20251231,000510,中证A500,CSI A500,600170,Shanghai Construction Co Ltd,上海建工,Shanghai Stock Exchange
20251231,000510,中证A500,CSI A500,600176,"CHINA JUSHI CO., LTD.",中国巨石,Shanghai Stock Exchange
20251231,000510,中证A500,CSI A500,600177,Youngor Group Co Ltd,雅戈尔,Shanghai Stock Exchange
20251231,000510,中证A500,CSI A500,600183,"Shengyi Technology Co.,Ltd.",生益科技,Shanghai Stock Exchange
20251231,000510,中证A500,CSI A500,600196,Shanghai Fosun Pharmaceutical (Group) Co Ltd,复星医药,Shanghai Stock Exchange
20251231,000510,中证A500,CSI A500,600208,"Quzhou Xin'an Development Co.,Ltd.",衢州发展,Shanghai Stock Exchange
20251231,000510,中证A500,CSI A500,600219,"Shandong Nanshan Aluminium Co., Ltd.",南山铝业,Shanghai Stock Exchange
20251231,000510,中证A500,CSI A500,600233,"YTO Express Group Co.,Ltd.",圆通速递,Shanghai Stock Exchange
20251231,000510,中证A500,CSI A500,600256,"GUANGHUI ENERGY CO., LTD.",广汇能源,Shanghai Stock Exchange
20251231,000510,中证A500,CSI A500,600258,"BTG Hotels (Group) Co., Ltd.",首旅酒店,Shanghai Stock Exchange
20251231,000510,中证A500,CSI A500,600276,Jiangsu Hengrui Medicine Co Ltd,恒瑞医药,Shanghai Stock Exchange
20251231,000510,中证A500,CSI A500,600309,"Wanhua Chemical Group Co., Ltd.",万华化学,Shanghai Stock Exchange
20251231,000510,中证A500,CSI A500,600312,Henan Pinggao Electric Co Ltd,平高电气,Shanghai Stock Exchange
20251231,000510,中证A500,CSI A500,600316,Jiangxi Hongdu Aviation Industry Co Ltd,洪都航空,Shanghai Stock Exchange
20251231,000510,中证A500,CSI A500,600323,"Grandblue Environment Co.,Ltd.",瀚蓝环境,Shanghai Stock Exchange
20251231,000510,中证A500,CSI A500,600325,Huafa Industrial Co Ltd Zhuhai,华发股份,Shanghai Stock Exchange
20251231,000510,中证A500,CSI A500,600332,GUANGZHOU BAIYUNSHAN PHARMACEUTICAL HOLDINGS COMPANY LIMITED,白云山,Shanghai Stock Exchange
20251231,000510,中证A500,CSI A500,600346,"Hengli Petrochemical Co.,Ltd.",恒力石化,Shanghai Stock Exchange
20251231,000510,中证A500,CSI A500,600352,Zhejiang Longsheng Group Co Ltd,浙江龙盛,Shanghai Stock Exchange
20251231,000510,中证A500,CSI A500,600362,Jiangxi Copper Co Ltd,江西铜业,Shanghai Stock Exchange
20251231,000510,中证A500,CSI A500,600372,"AVIC Airborne Systems Co., Ltd.",中航机载,Shanghai Stock Exchange
20251231,000510,中证A500,CSI A500,600392,"Shenghe Resources Holding Co.,Ltd.",盛和资源,Shanghai Stock Exchange
20251231,000510,中证A500,CSI A500,600398,"Heilan Home Co.,Ltd",海澜之家,Shanghai Stock Exchange
20251231,000510,中证A500,CSI A500,600406,"NARI Technology Co., Ltd.",国电南瑞,Shanghai Stock Exchange
20251231,000510,中证A500,CSI A500,600415,Zhejiang China Commodities City Group Co Ltd,小商品城,Shanghai Stock Exchange
20251231,000510,中证A500,CSI A500,600418,Anhui Jianghuai Automobile Co Ltd,江淮汽车,Shanghai Stock Exchange
20251231,000510,中证A500,CSI A500,600426,Shandong Hualu-Hengsheng Chemical Co Ltd,华鲁恒升,Shanghai Stock Exchange
20251231,000510,中证A500,CSI A500,600436,Zhangzhou Pientzehuang Pharmaceutical Co Ltd,片仔癀,Shanghai Stock Exchange
20251231,000510,中证A500,CSI A500,600438,Tongwei Co Ltd,通威股份,Shanghai Stock Exchange
20251231,000510,中证A500,CSI A500,600460,Hangzhou Silan Microelectronics Co Ltd,士兰微,Shanghai Stock Exchange
20251231,000510,中证A500,CSI A500,600482,"China Shipbuilding Industry Group Power Co.,Ltd",中国动力,Shanghai Stock Exchange
20251231,000510,中证A500,CSI A500,600486,Jiangsu Yangnong Chemical Co Ltd,扬农化工,Shanghai Stock Exchange
20251231,000510,中证A500,CSI A500,600487,"Hengtong Optic-Electric Co.,Ltd",亨通光电,Shanghai Stock Exchange
20251231,000510,中证A500,CSI A500,600489,Zhongjin Gold Co Ltd,中金黄金,Shanghai Stock Exchange
20251231,000510,中证A500,CSI A500,600497,Yunnan Chihong Zinc&Germanium Co Ltd,驰宏锌锗,Shanghai Stock Exchange
20251231,000510,中证A500,CSI A500,600498,Fiberhome Telecommunication Technologies Co Ltd,烽火通信,Shanghai Stock Exchange
20251231,000510,中证A500,CSI A500,600499,"Keda Industrial Group Co., Ltd.",科达制造,Shanghai Stock Exchange
20251231,000510,中证A500,CSI A500,600511,China National Medicines Corp Ltd,国药股份,Shanghai Stock Exchange
20251231,000510,中证A500,CSI A500,600515,"Hainan Airport Infrastructure Co., Ltd",海南机场,Shanghai Stock Exchange
20251231,000510,中证A500,CSI A500,600516,"Fangda Carbon New Material Co.,Ltd",方大炭素,Shanghai Stock Exchange
20251231,000510,中证A500,CSI A500,600519,Kweichow Moutai Co Ltd,贵州茅台,Shanghai Stock Exchange
20251231,000510,中证A500,CSI A500,600521,Zhejiang Huahai Pharmaceutical Co Ltd,华海药业,Shanghai Stock Exchange
20251231,000510,中证A500,CSI A500,600522,Jiangsu Zhongtian Technologies Co Ltd,中天科技,Shanghai Stock Exchange
20251231,000510,中证A500,CSI A500,600529,Shandong Pharmaceutical Glass Co Ltd,山东药玻,Shanghai Stock Exchange
20251231,000510,中证A500,CSI A500,600535,"TASLY PHARMACEUTICAL GROUP CO.,LTD",天士力,Shanghai Stock Exchange
20251231,000510,中证A500,CSI A500,600547,Shandong Gold-Mining Co Ltd,山东黄金,Shanghai Stock Exchange
20251231,000510,中证A500,CSI A500,600549,Xiamen Tungsten Co Ltd,厦门钨业,Shanghai Stock Exchange
20251231,000510,中证A500,CSI A500,600563,"Xiamen Faratronic Co.,Ltd.",法拉电子,Shanghai Stock Exchange
20251231,000510,中证A500,CSI A500,600570,Hundsun Technologies Inc.,恒生电子,Shanghai Stock Exchange
20251231,000510,中证A500,CSI A500,600580,"Wolong Electric Group Co.,Ltd",卧龙电驱,Shanghai Stock Exchange
20251231,000510,中证A500,CSI A500,600584,"JCET Group Co., Ltd.",长电科技,Shanghai Stock Exchange
20251231,000510,中证A500,CSI A500,600585,Anhui Conch Cement Co Ltd,海螺水泥,Shanghai Stock Exchange
20251231,000510,中证A500,CSI A500,600588,"Yonyou Network Technology Co., Ltd.",用友网络,Shanghai Stock Exchange
20251231,000510,中证A500,CSI A500,600637,"Shanghai Oriental Pearl Media Co., Ltd.",东方明珠,Shanghai Stock Exchange
20251231,000510,中证A500,CSI A500,600655,"SHANGHAI YUYUAN TOURIST MART (GROUP) CO., LTD.",豫园股份,Shanghai Stock Exchange
20251231,000510,中证A500,CSI A500,600660,"Fuyao Glass Industry Group Co.,Ltd",福耀玻璃,Shanghai Stock Exchange
20251231,000510,中证A500,CSI A500,600667,Wuxi Taiji Industrial Co Ltd,太极实业,Shanghai Stock Exchange
20251231,000510,中证A500,CSI A500,600673,"GUANGDONG HEC TECHNOLOGY HOLDING CO., LTD",东阳光,Shanghai Stock Exchange
20251231,000510,中证A500,CSI A500,600674,Sichuan Chuantou Energy Co Ltd,川投能源,Shanghai Stock Exchange
20251231,000510,中证A500,CSI A500,600690,"Haier Smart Home Co., Ltd.",海尔智家,Shanghai Stock Exchange
20251231,000510,中证A500,CSI A500,600699,Ningbo Joyson Electronic Corp.,均胜电子,Shanghai Stock Exchange
20251231,000510,中证A500,CSI A500,600704,Zhejiang Material Industrial Zhongda Yuantong Group Co Ltd,物产中大,Shanghai Stock Exchange
20251231,000510,中证A500,CSI A500,600741,HUAYU Automotive Systems Company Limited,华域汽车,Shanghai Stock Exchange
20251231,000510,中证A500,CSI A500,600745,"Wingtech Technology Co.,Ltd.",闻泰科技,Shanghai Stock Exchange
20251231,000510,中证A500,CSI A500,600754,"Shanghai Jin Jiang International Hotels Co.,Ltd.",锦江酒店,Shanghai Stock Exchange
20251231,000510,中证A500,CSI A500,600760,AVIC SHENYANG AIRCRAFT COMPANY LIMITED,中航沈飞,Shanghai Stock Exchange
20251231,000510,中证A500,CSI A500,600763,TOPCHOICE MEDICAL CORPORATION,通策医疗,Shanghai Stock Exchange
20251231,000510,中证A500,CSI A500,600765,Avic Heavy Machinery Co Ltd,中航重机,Shanghai Stock Exchange
20251231,000510,中证A500,CSI A500,600795,GD Power Development Co Ltd,国电电力,Shanghai Stock Exchange
20251231,000510,中证A500,CSI A500,600803,"ENN Ecological Holdings Co., Ltd.",新奥股份,Shanghai Stock Exchange
20251231,000510,中证A500,CSI A500,600816,"J-Yuan Trust Co.,Ltd.",建元信托,Shanghai Stock Exchange
20251231,000510,中证A500,CSI A500,600820,Shanghai Tunnel Engineering Co Ltd,隧道股份,Shanghai Stock Exchange
20251231,000510,中证A500,CSI A500,600839,Sichuan Changhong Electric Co Ltd,四川长虹,Shanghai Stock Exchange
20251231,000510,中证A500,CSI A500,600845,Shanghai Baosight Software Co Ltd,宝信软件,Shanghai Stock Exchange
20251231,000510,中证A500,CSI A500,600859,"Wangfujing Group Co., Ltd.",王府井,Shanghai Stock Exchange
20251231,000510,中证A500,CSI A500,600862,"Avic Aviation High-Technology Co., Ltd.",中航高科,Shanghai Stock Exchange
20251231,000510,中证A500,CSI A500,600864,"Harbin Hatou Investment Co.,Ltd",哈投股份,Shanghai Stock Exchange
20251231,000510,中证A500,CSI A500,600867,"Tonghua Dongbao Pharmaceutical Co.,Ltd.",通化东宝,Shanghai Stock Exchange
20251231,000510,中证A500,CSI A500,600879,"China Aerospace Times Electronics Co.,Ltd.",航天电子,Shanghai Stock Exchange
20251231,000510,中证A500,CSI A500,600885,"Hongfa Technology Co., Ltd.",宏发股份,Shanghai Stock Exchange
20251231,000510,中证A500,CSI A500,600886,"SDIC Power Holdings Co.,Ltd.",国投电力,Shanghai Stock Exchange
20251231,000510,中证A500,CSI A500,600887,Inner Mongolia Yili Industrial Group Co Ltd,伊利股份,Shanghai Stock Exchange
20251231,000510,中证A500,CSI A500,600893,AVIC AVIATION ENGINE CORPORATION PLC.,航发动力,Shanghai Stock Exchange
20251231,000510,中证A500,CSI A500,600895,Shanghai Zhangjiang Hi-tech Park Development Co Ltd,张江高科,Shanghai Stock Exchange
20251231,000510,中证A500,CSI A500,600900,China Yangtze Power Co Ltd,长江电力,Shanghai Stock Exchange
20251231,000510,中证A500,CSI A500,600905,"China Three Gorges Renewables (Group) Co.,Ltd.",三峡能源,Shanghai Stock Exchange
20251231,000510,中证A500,CSI A500,600938,CNOOC Limited,中国海油,Shanghai Stock Exchange
20251231,000510,中证A500,CSI A500,600941,China Mobile Limited,中国移动,Shanghai Stock Exchange
20251231,000510,中证A500,CSI A500,600988,"Chifeng Jilong Gold Mining Co.,Ltd.",赤峰黄金,Shanghai Stock Exchange
20251231,000510,中证A500,CSI A500,600989,"Ningxia Baofeng Energy Group Co., Ltd.",宝丰能源,Shanghai Stock Exchange
20251231,000510,中证A500,CSI A500,600998,Jointown Pharmaceutical Group Co Ltd,九州通,Shanghai Stock Exchange
20251231,000510,中证A500,CSI A500,601000,Tangshan Port Group Co Ltd,唐山港,Shanghai Stock Exchange
20251231,000510,中证A500,CSI A500,601006,Daqin Railway Co Ltd,大秦铁路,Shanghai Stock Exchange
20251231,000510,中证A500,CSI A500,601012,"Longi Green Energy Technology Co., Ltd.",隆基绿能,Shanghai Stock Exchange
20251231,000510,中证A500,CSI A500,601018,Ningbo Port Co Ltd,宁波港,Shanghai Stock Exchange
20251231,000510,中证A500,CSI A500,601021,"Spring Airlines Co., Ltd.",春秋航空,Shanghai Stock Exchange
20251231,000510,中证A500,CSI A500,601058,"Sailun Group Co.,Ltd.",赛轮轮胎,Shanghai Stock Exchange
20251231,000510,中证A500,CSI A500,601088,China Shenhua Energy Co Ltd,中国神华,Shanghai Stock Exchange
20251231,000510,中证A500,CSI A500,601100,"Jiangsu Hengli Hydraulic CO., Ltd.",恒立液压,Shanghai Stock Exchange
20251231,000510,中证A500,CSI A500,601111,Air China Ltd,中国国航,Shanghai Stock Exchange
20251231,000510,中证A500,CSI A500,601117,China National Chemical Engineering Co Ltd,中国化学,Shanghai Stock Exchange
20251231,000510,中证A500,CSI A500,601127,"Chongqing Sokon Industry Group Stock Co., Ltd.",赛力斯,Shanghai Stock Exchange
20251231,000510,中证A500,CSI A500,601155,"Future Land Holdings Co., Ltd.",新城控股,Shanghai Stock Exchange
20251231,000510,中证A500,CSI A500,601166,Industrial Bank,兴业银行,Shanghai Stock Exchange
20251231,000510,中证A500,CSI A500,601168,Western Mining Co Ltd,西部矿业,Shanghai Stock Exchange
20251231,000510,中证A500,CSI A500,601179,China XD Electric Co Ltd,中国西电,Shanghai Stock Exchange
20251231,000510,中证A500,CSI A500,601186,China Railway Construction Co Ltd,中国铁建,Shanghai Stock Exchange
20251231,000510,中证A500,CSI A500,601211,"GUOTAI HAITONG SECURITIES CO., LTD.",国泰海通,Shanghai Stock Exchange
20251231,000510,中证A500,CSI A500,601216,"Inner Mongolia Junzheng Energy & Chemical Group Co.,Ltd.",君正集团,Shanghai Stock Exchange
20251231,000510,中证A500,CSI A500,601225,Shaanxi Coal Industry Company Limited,陕西煤业,Shanghai Stock Exchange
20251231,000510,中证A500,CSI A500,601233,Tongkun Group Co Ltd,桐昆股份,Shanghai Stock Exchange
20251231,000510,中证A500,CSI A500,601238,"Guangzhou Automobile Group Co., Ltd.",广汽集团,Shanghai Stock Exchange
20251231,000510,中证A500,CSI A500,601288,Agricultural Bank of China Co Ltd,农业银行,Shanghai Stock Exchange
20251231,000510,中证A500,CSI A500,601318,Ping An Insurance (Group) Company of China Ltd,中国平安,Shanghai Stock Exchange
20251231,000510,中证A500,CSI A500,601319,The People's Insurance Company (Group) of China Limited,中国人保,Shanghai Stock Exchange
20251231,000510,中证A500,CSI A500,601328,Bank of Communications Co LTD,交通银行,Shanghai Stock Exchange
20251231,000510,中证A500,CSI A500,601360,360 Security Technology Inc.,三六零,Shanghai Stock Exchange
20251231,000510,中证A500,CSI A500,601390,China Railway Group Limited,中国中铁,Shanghai Stock Exchange
20251231,000510,中证A500,CSI A500,601398,Industrial and Commercial Bank of China Ltd,工商银行,Shanghai Stock Exchange
20251231,000510,中证A500,CSI A500,601567,"Ningbo Sanxing Medical Electric Co.,Ltd.",三星医疗,Shanghai Stock Exchange
20251231,000510,中证A500,CSI A500,601600,Aluminum Corporation of China Limited,中国铝业,Shanghai Stock Exchange
20251231,000510,中证A500,CSI A500,601601,China Pacific Insurance (Group) Co Ltd,中国太保,Shanghai Stock Exchange
20251231,000510,中证A500,CSI A500,601607,"Shanghai Pharmaceuticals Holding Co.,Ltd",上海医药,Shanghai Stock Exchange
20251231,000510,中证A500,CSI A500,601615,MingYangSmartEnergyGroupLimited,明阳智能,Shanghai Stock Exchange
20251231,000510,中证A500,CSI A500,601618,Metallurgical Corporation of China Co Ltd,中国中冶,Shanghai Stock Exchange
20251231,000510,中证A500,CSI A500,601628,China Life Insurance Company Limited,中国人寿,Shanghai Stock Exchange
20251231,000510,中证A500,CSI A500,601633,Great Wall Motor Co Ltd,长城汽车,Shanghai Stock Exchange
20251231,000510,中证A500,CSI A500,601658,"POSTAL SAVINGS BANK OF CHINA CO., LTD.",邮储银行,Shanghai Stock Exchange
20251231,000510,中证A500,CSI A500,601668,China State Construction Engineering Co Ltd,中国建筑,Shanghai Stock Exchange
20251231,000510,中证A500,CSI A500,601669,"Power Construction Corporation of China,Ltd",中国电建,Shanghai Stock Exchange
20251231,000510,中证A500,CSI A500,601677,Henan Mingtai AL.Industrial Co Ltd,明泰铝业,Shanghai Stock Exchange
20251231,000510,中证A500,CSI A500,601689,"Ningbo Tuopu Group Co., Ltd.",拓普集团,Shanghai Stock Exchange
20251231,000510,中证A500,CSI A500,601727,Shanghai Electric Group Co Ltd,上海电气,Shanghai Stock Exchange
20251231,000510,中证A500,CSI A500,601728,China Telecom Corporation Limited,中国电信,Shanghai Stock Exchange
20251231,000510,中证A500,CSI A500,601766,CRRC Corporation Limited,中国中车,Shanghai Stock Exchange
20251231,000510,中证A500,CSI A500,601799,Changzhou Xingyu Automotive Lighting Systems Co Ltd,星宇股份,Shanghai Stock Exchange
20251231,000510,中证A500,CSI A500,601800,China Communications Construction Company Limited,中国交建,Shanghai Stock Exchange
20251231,000510,中证A500,CSI A500,601816,"Beijing-Shanghai High Speed Railway Co.,Ltd",京沪高铁,Shanghai Stock Exchange
20251231,000510,中证A500,CSI A500,601857,PetroChina Co Ltd,中国石油,Shanghai Stock Exchange
20251231,000510,中证A500,CSI A500,601866,"COSCO SHIPPING Development Co.,Ltd.",中远海发,Shanghai Stock Exchange
20251231,000510,中证A500,CSI A500,601868,China Energy Engineering Corporation Limited,中国能建,Shanghai Stock Exchange
20251231,000510,中证A500,CSI A500,601872,"China Merchants Energy Shipping Co., Ltd.",招商轮船,Shanghai Stock Exchange
20251231,000510,中证A500,CSI A500,601877,Zhejiang Chint Electrics Co Ltd,正泰电器,Shanghai Stock Exchange
20251231,000510,中证A500,CSI A500,601880,"Liaoning Port Co., Ltd.",辽港股份,Shanghai Stock Exchange
20251231,000510,中证A500,CSI A500,601888,China Tourism Group Duty Free Corporation Limited,中国中免,Shanghai Stock Exchange
20251231,000510,中证A500,CSI A500,601899,Zijin Mining Group Co Ltd,紫金矿业,Shanghai Stock Exchange
20251231,000510,中证A500,CSI A500,601919,"COSCO SHIPPING Holdings Co., Ltd.",中远海控,Shanghai Stock Exchange
20251231,000510,中证A500,CSI A500,601966,"Shandong Linglong Tyre Co., Ltd.",玲珑轮胎,Shanghai Stock Exchange
20251231,000510,中证A500,CSI A500,601985,"China National Nuclear Power Co.,Ltd.",中国核电,Shanghai Stock Exchange
20251231,000510,中证A500,CSI A500,601988,Bank of China Ltd,中国银行,Shanghai Stock Exchange
20251231,000510,中证A500,CSI A500,603019,"Dawning Information Industry Co., Ltd.",中科曙光,Shanghai Stock Exchange
20251231,000510,中证A500,CSI A500,603077,"Sichuan Hebang Biotechnology Co.,Ltd.",和邦生物,Shanghai Stock Exchange
20251231,000510,中证A500,CSI A500,603087,Gan & Lee Pharmaceuticals,甘李药业,Shanghai Stock Exchange
20251231,000510,中证A500,CSI A500,603129,"ZHEJIANGCFMOTOPOWERCO.,LTD.",春风动力,Shanghai Stock Exchange
20251231,000510,中证A500,CSI A500,603259,"WuXi AppTec Co., Ltd.",药明康德,Shanghai Stock Exchange
20251231,000510,中证A500,CSI A500,603260,"HOSHINE SILICON INDUSTRY CO.,LTD",合盛硅业,Shanghai Stock Exchange
20251231,000510,中证A500,CSI A500,603288,Foshan Haitian Flavouring and Food Company Ltd.,海天味业,Shanghai Stock Exchange
20251231,000510,中证A500,CSI A500,603392,"BEIJING WANTAI BIOLOGICAL PHARMACY ENTERPRISE CO., LTD.",万泰生物,Shanghai Stock Exchange
20251231,000510,中证A500,CSI A500,603486,"Ecovacs Robotics Co., Ltd.",科沃斯,Shanghai Stock Exchange
20251231,000510,中证A500,CSI A500,603501,"Omni Vision Integrated Circuits Group, Inc.",豪威集团,Shanghai Stock Exchange
20251231,000510,中证A500,CSI A500,603568,"ZHEJIANG WEIMING ENVIRONMENT PROTECTION CO., LTD.",伟明环保,Shanghai Stock Exchange
20251231,000510,中证A500,CSI A500,603596,"Bethel Automotive Safety Systems Co., Ltd",伯特利,Shanghai Stock Exchange
20251231,000510,中证A500,CSI A500,603605,"Proya Cosmetics Co., Ltd.",珀莱雅,Shanghai Stock Exchange
20251231,000510,中证A500,CSI A500,603606,"Ningbo Orient Wires & Cables Co., Ltd.",东方电缆,Shanghai Stock Exchange
20251231,000510,中证A500,CSI A500,603650,"Red Avenue New Materials Group Co., Ltd.",彤程新材,Shanghai Stock Exchange
20251231,000510,中证A500,CSI A500,603659,"Shanghai Putailai New Energy Technology Co., Ltd.",璞泰来,Shanghai Stock Exchange
20251231,000510,中证A500,CSI A500,603799,"ZHEJIANG HUAYOU COBALT CO., LTD.",华友钴业,Shanghai Stock Exchange
20251231,000510,中证A500,CSI A500,603806,"HANGZHOU FIRST PV MATERIAL Co., LTD.",福斯特,Shanghai Stock Exchange
20251231,000510,中证A500,CSI A500,603816,"Jason Furniture (Hangzhou) Co.,Ltd.",顾家家居,Shanghai Stock Exchange
20251231,000510,中证A500,CSI A500,603833,Oppein Home Group Inc.,欧派家居,Shanghai Stock Exchange
20251231,000510,中证A500,CSI A500,603885,"JUNEYAO AIRLINES Co., Ltd",吉祥航空,Shanghai Stock Exchange
20251231,000510,中证A500,CSI A500,603899,SHANGHAI M&G STATIONERY INC.,晨光股份,Shanghai Stock Exchange
20251231,000510,中证A500,CSI A500,603939,"Yifeng Pharmacy Chain Co., Ltd.",益丰药房,Shanghai Stock Exchange
20251231,000510,中证A500,CSI A500,603979,"JCHX MINING MANAGEMENT CO.,LTD.",金诚信,Shanghai Stock Exchange
20251231,000510,中证A500,CSI A500,603986,GigaDevice Semiconductor (Beijing) Inc.,兆易创新,Shanghai Stock Exchange
20251231,000510,中证A500,CSI A500,603993,"China Molybdenum Co., Ltd.",洛阳钼业,Shanghai Stock Exchange
20251231,000510,中证A500,CSI A500,605117,"Ningbo Deye Technology Co., Ltd.",德业股份,Shanghai Stock Exchange
20251231,000510,中证A500,CSI A500,605499,"Eastroc Beverage (Group) Co.,Ltd.",东鹏饮料,Shanghai Stock Exchange
20251231,000510,中证A500,CSI A500,605589,"Jinan Shengquan Group Share Holding Co.,Ltd.",圣泉集团,Shanghai Stock Exchange
20251231,000510,中证A500,CSI A500,688002,"Raytron Technology Co.,Ltd",睿创微纳,Shanghai Stock Exchange
20251231,000510,中证A500,CSI A500,688005,"Ningbo Ronbay New Energy Technology Co., Ltd.",容百科技,Shanghai Stock Exchange
20251231,000510,中证A500,CSI A500,688008,"Montage Technology Co., Ltd.",澜起科技,Shanghai Stock Exchange
20251231,000510,中证A500,CSI A500,688009,China Railway Signal & Communication Corporation Limited,中国通号,Shanghai Stock Exchange
20251231,000510,中证A500,CSI A500,688012,Advanced Micro-Fabrication Equipment Inc. China,中微公司,Shanghai Stock Exchange
20251231,000510,中证A500,CSI A500,688017,"Leader Harmonious Drive Systems Co., Ltd.",绿的谐波,Shanghai Stock Exchange
20251231,000510,中证A500,CSI A500,688036,"SHENZHEN TRANSSION HOLDINGS CO., LTD.",传音控股,Shanghai Stock Exchange
20251231,000510,中证A500,CSI A500,688041,"Hygon Information Technology Co., Ltd.",海光信息,Shanghai Stock Exchange
20251231,000510,中证A500,CSI A500,688047,Loongson Technology Corporation Limited,龙芯中科,Shanghai Stock Exchange
20251231,000510,中证A500,CSI A500,688063,"Pylon Technologies Co., Ltd.",派能科技,Shanghai Stock Exchange
20251231,000510,中证A500,CSI A500,688065,Cathay Biotech Inc.,凯赛生物,Shanghai Stock Exchange
20251231,000510,中证A500,CSI A500,688072,Piotech Inc.,拓荆科技,Shanghai Stock Exchange
20251231,000510,中证A500,CSI A500,688099,"Amlogic (Shanghai) Co., Ltd.",晶晨股份,Shanghai Stock Exchange
20251231,000510,中证A500,CSI A500,688111,"Beijing Kingsoft Office Software, Inc.",金山办公,Shanghai Stock Exchange
20251231,000510,中证A500,CSI A500,688120,"Hwatsing Technology Co.,Ltd.",华海清科,Shanghai Stock Exchange
20251231,000510,中证A500,CSI A500,688122,"Western Superconducting Technologies Co.,Ltd.",西部超导,Shanghai Stock Exchange
20251231,000510,中证A500,CSI A500,688126,"National Silicon Industry Group Co.,Ltd.",沪硅产业,Shanghai Stock Exchange
20251231,000510,中证A500,CSI A500,688166,"BrightGene Bio-Medical Technology Co., Ltd.",博瑞医药,Shanghai Stock Exchange
20251231,000510,中证A500,CSI A500,688169,"Beijing Roborock Technology Co., Ltd.",石头科技,Shanghai Stock Exchange
20251231,000510,中证A500,CSI A500,688180,"Shanghai Junshi Biosciences Co., Ltd.",君实生物,Shanghai Stock Exchange
20251231,000510,中证A500,CSI A500,688188,SHANGHAI FRIENDESS ELECTRONICS TECHNOLOGY CORPORATION LIMITED,柏楚电子,Shanghai Stock Exchange
20251231,000510,中证A500,CSI A500,688213,"Smartsens Technology (Shanghai) Co., Ltd.",思特威,Shanghai Stock Exchange
20251231,000510,中证A500,CSI A500,688223,"Jinko Solar Co., Ltd.",晶科能源,Shanghai Stock Exchange
20251231,000510,中证A500,CSI A500,688235,"BeiGene, Ltd.",百济神州,Shanghai Stock Exchange
20251231,000510,中证A500,CSI A500,688256,Cambricon Technologies Corporation Limited,寒武纪,Shanghai Stock Exchange
20251231,000510,中证A500,CSI A500,688266,"Suzhou Zelgen Biopharmaceuticals Co., Ltd.",泽璟制药,Shanghai Stock Exchange
20251231,000510,中证A500,CSI A500,688271,"Shanghai United Imaging Healthcare Co., Ltd.",联影医疗,Shanghai Stock Exchange
20251231,000510,中证A500,CSI A500,688303,"XinJiang Daqo New Energy Co.,Ltd",大全能源,Shanghai Stock Exchange
20251231,000510,中证A500,CSI A500,688390,"Jiangsu GoodWe Power Supply Technology Co., Ltd.",固德威,Shanghai Stock Exchange
20251231,000510,中证A500,CSI A500,688396,China Resources Microelectronics Limited,华润微,Shanghai Stock Exchange
20251231,000510,中证A500,CSI A500,688472,"CSI Solar Co., Ltd.",阿特斯,Shanghai Stock Exchange
20251231,000510,中证A500,CSI A500,688506,"Sichuan Biokin Pharmaceutical Co.,Ltd.",百利天恒,Shanghai Stock Exchange
20251231,000510,中证A500,CSI A500,688521,"VeriSilicon Microelectronics (Shanghai) Co., Ltd.",芯原股份,Shanghai Stock Exchange
20251231,000510,中证A500,CSI A500,688578,"Shanghai Allist Pharmaceuticals Co., Ltd.",艾力斯,Shanghai Stock Exchange
20251231,000510,中证A500,CSI A500,688599,"Trina Solar Co., Ltd.",天合光能,Shanghai Stock Exchange
20251231,000510,中证A500,CSI A500,688608,"Bestechnic (Shanghai) Co., Ltd.",恒玄科技,Shanghai Stock Exchange
20251231,000510,中证A500,CSI A500,688617,APT Medical Inc.,惠泰医疗,Shanghai Stock Exchange
20251231,000510,中证A500,CSI A500,688777,"SUPCON Technology Co., Ltd.",中控技术,Shanghai Stock Exchange
20251231,000510,中证A500,CSI A500,688981,Semiconductor Manufacturing International Corporation,中芯国际,Shanghai Stock Exchange
